-- MySQL dump 10.13  Distrib 8.0.40, for Win64 (x86_64)
--
-- Host: localhost    Database: company_assets
-- ------------------------------------------------------
-- Server version	8.0.40

/*!40101 SET @OLD_CHARACTER_SET_CLIENT=@@CHARACTER_SET_CLIENT */;
/*!40101 SET @OLD_CHARACTER_SET_RESULTS=@@CHARACTER_SET_RESULTS */;
/*!40101 SET @OLD_COLLATION_CONNECTION=@@COLLATION_CONNECTION */;
/*!50503 SET NAMES utf8mb4 */;
/*!40103 SET @OLD_TIME_ZONE=@@TIME_ZONE */;
/*!40103 SET TIME_ZONE='+00:00' */;
/*!40014 SET @OLD_UNIQUE_CHECKS=@@UNIQUE_CHECKS, UNIQUE_CHECKS=0 */;
/*!40014 SET @OLD_FOREIGN_KEY_CHECKS=@@FOREIGN_KEY_CHECKS, FOREIGN_KEY_CHECKS=0 */;
/*!40101 SET @OLD_SQL_MODE=@@SQL_MODE, SQL_MODE='NO_AUTO_VALUE_ON_ZERO' */;
/*!40111 SET @OLD_SQL_NOTES=@@SQL_NOTES, SQL_NOTES=0 */;

--
-- Table structure for table `companies`
--

DROP TABLE IF EXISTS `companies`;
/*!40101 SET @saved_cs_client     = @@character_set_client */;
/*!50503 SET character_set_client = utf8mb4 */;
CREATE TABLE `companies` (
  `company_id` int NOT NULL AUTO_INCREMENT,
  `company_name` varchar(100) NOT NULL,
  `short_code` varchar(50) DEFAULT NULL,
  PRIMARY KEY (`company_id`),
  UNIQUE KEY `short_code` (`short_code`)
) ENGINE=InnoDB AUTO_INCREMENT=4 DEFAULT CHARSET=utf8mb4 COLLATE=utf8mb4_0900_ai_ci;
/*!40101 SET character_set_client = @saved_cs_client */;

--
-- Dumping data for table `companies`
--

LOCK TABLES `companies` WRITE;
/*!40000 ALTER TABLE `companies` DISABLE KEYS */;
INSERT INTO `companies` VALUES (1,'圖爾思生物科技股份有限公司','ToolsBiotech'),(2,'拜爾國際股份有限公司','Abclonalbio'),(3,'倍思特生物科技股份有限公司','AbrealBiotech');
/*!40000 ALTER TABLE `companies` ENABLE KEYS */;
UNLOCK TABLES;

--
-- Table structure for table `computer_assignments`
--

DROP TABLE IF EXISTS `computer_assignments`;
/*!40101 SET @saved_cs_client     = @@character_set_client */;
/*!50503 SET character_set_client = utf8mb4 */;
CREATE TABLE `computer_assignments` (
  `assignment_id` int NOT NULL AUTO_INCREMENT,
  `employee_id` int DEFAULT NULL,
  `computer_id` int DEFAULT NULL,
  `assigned_date` date DEFAULT NULL,
  `returned_date` date DEFAULT NULL,
  `created_at` timestamp NULL DEFAULT CURRENT_TIMESTAMP,
  `updated_at` timestamp NULL DEFAULT CURRENT_TIMESTAMP ON UPDATE CURRENT_TIMESTAMP,
  PRIMARY KEY (`assignment_id`),
  KEY `employee_id` (`employee_id`),
  KEY `computer_id` (`computer_id`),
  CONSTRAINT `computer_assignments_ibfk_1` FOREIGN KEY (`employee_id`) REFERENCES `employees` (`employee_id`),
  CONSTRAINT `computer_assignments_ibfk_2` FOREIGN KEY (`computer_id`) REFERENCES `computers` (`computer_id`)
) ENGINE=InnoDB AUTO_INCREMENT=66 DEFAULT CHARSET=utf8mb4 COLLATE=utf8mb4_0900_ai_ci;
/*!40101 SET character_set_client = @saved_cs_client */;

--
-- Dumping data for table `computer_assignments`
--

LOCK TABLES `computer_assignments` WRITE;
/*!40000 ALTER TABLE `computer_assignments` DISABLE KEYS */;
INSERT INTO `computer_assignments` VALUES (1,112016,1,'2023-06-15',NULL,'2025-09-10 06:40:31','2025-09-10 06:40:31'),(2,101001,276,'2018-11-01',NULL,'2025-09-18 02:43:39','2025-09-18 02:43:39'),(3,101002,283,NULL,NULL,'2025-09-18 02:53:34','2025-09-18 02:53:34'),(4,102001,8,'2025-05-01',NULL,'2025-09-18 05:22:50','2025-09-18 05:22:50'),(5,103001,280,'2021-01-01',NULL,'2025-09-18 05:25:40','2025-09-18 05:25:40'),(6,104001,9,'2025-05-01',NULL,'2025-09-18 05:26:55','2025-09-18 05:26:55'),(7,104004,6,'2025-05-01',NULL,'2025-09-18 05:28:20','2025-09-18 05:28:20'),(8,104005,243,'2018-11-01',NULL,'2025-09-18 05:29:31','2025-09-18 05:29:31'),(9,106001,294,'2023-12-01',NULL,'2025-09-18 05:35:32','2025-09-18 05:35:32'),(10,106007,245,'2023-12-01',NULL,'2025-09-18 05:37:53','2025-09-18 05:37:53'),(11,106007,277,'2017-08-01',NULL,'2025-09-18 05:38:30','2025-09-18 05:38:30'),(12,107002,237,'2023-09-01',NULL,'2025-09-18 05:44:04','2025-09-18 05:44:04'),(13,107004,282,'2021-01-01',NULL,'2025-09-18 05:45:22','2025-09-18 05:45:22'),(14,107006,265,'2025-09-19',NULL,'2025-09-19 06:04:39','2025-09-19 06:04:39'),(15,107009,7,'2025-09-19',NULL,'2025-09-19 06:06:18','2025-09-19 06:06:18'),(16,108003,289,'2025-09-19',NULL,'2025-09-19 06:06:56','2025-09-19 06:06:56'),(17,108004,10,'2025-09-19',NULL,'2025-09-19 06:35:41','2025-09-19 06:35:41'),(18,108007,254,'2025-09-19',NULL,'2025-09-19 06:36:18','2025-09-19 06:36:18'),(19,108008,261,'2025-09-19',NULL,'2025-09-19 06:47:53','2025-09-19 06:47:53'),(20,108013,12,'2025-09-19',NULL,'2025-09-19 06:48:33','2025-09-19 06:48:33'),(21,108014,256,'2025-09-19',NULL,'2025-09-19 06:52:59','2025-09-19 06:52:59'),(22,109018,291,'2025-09-19',NULL,'2025-09-19 06:53:21','2025-09-19 06:53:21'),(23,110008,288,'2025-09-19',NULL,'2025-09-19 06:54:19','2025-09-19 06:54:19'),(24,110010,262,'2025-09-24',NULL,'2025-09-24 01:15:01','2025-09-24 01:15:01'),(25,110020,284,'2025-09-24',NULL,'2025-09-24 01:15:48','2025-09-24 01:15:48'),(26,110020,285,'2025-09-24',NULL,'2025-09-24 01:16:17','2025-09-24 01:16:17'),(27,110027,258,'2025-09-24',NULL,'2025-09-24 01:16:59','2025-09-24 01:16:59'),(28,110028,259,'2025-09-24',NULL,'2025-09-24 01:17:20','2025-09-24 01:17:20'),(29,111008,260,'2025-09-24',NULL,'2025-09-24 01:18:25','2025-09-24 01:18:25'),(30,111009,268,'2025-09-24',NULL,'2025-09-24 01:19:10','2025-09-24 01:19:10'),(31,111028,264,'2025-09-24',NULL,'2025-09-24 01:28:18','2025-09-24 01:28:18'),(32,112008,247,'2025-09-24',NULL,'2025-09-24 01:29:04','2025-09-24 01:29:04'),(33,112010,252,'2025-09-24',NULL,'2025-09-24 01:29:34','2025-09-24 01:29:34'),(34,112016,235,'2025-09-24',NULL,'2025-09-24 01:30:44','2025-09-24 01:30:44'),(35,112017,233,'2025-09-24',NULL,'2025-09-24 01:31:22','2025-09-24 01:31:22'),(36,112019,242,'2025-09-24',NULL,'2025-09-24 01:31:43','2025-09-24 01:31:43'),(37,112019,273,'2025-09-24',NULL,'2025-09-24 01:32:01','2025-09-24 01:32:01'),(38,112022,290,'2025-09-24',NULL,'2025-09-24 01:32:38','2025-09-24 01:32:38'),(39,112023,293,'2025-09-24',NULL,'2025-09-24 01:33:00','2025-09-24 01:33:00'),(40,112025,241,'2025-09-24',NULL,'2025-09-24 01:33:27','2025-09-24 01:33:27'),(41,112028,255,'2025-09-24',NULL,'2025-09-24 01:33:49','2025-09-24 01:33:49'),(42,113004,11,'2025-09-24',NULL,'2025-09-24 01:34:25','2025-09-24 01:34:25'),(43,113005,244,'2025-09-24',NULL,'2025-09-24 01:34:53','2025-09-24 01:34:53'),(44,113007,240,'2025-09-24',NULL,'2025-09-24 01:35:13','2025-09-24 01:35:13'),(45,113008,267,'2025-09-24',NULL,'2025-09-24 01:36:55','2025-09-24 01:36:55'),(46,113011,249,'2025-09-24',NULL,'2025-09-24 01:37:17','2025-09-24 01:37:17'),(47,113013,250,'2025-09-24',NULL,'2025-09-24 01:37:38','2025-09-24 01:37:38'),(48,113018,236,'2025-09-24',NULL,'2025-09-24 01:38:10','2025-09-24 01:38:10'),(49,113019,238,'2025-09-24',NULL,'2025-09-24 01:38:34','2025-09-24 01:38:34'),(50,113021,257,'2025-09-24',NULL,'2025-09-24 01:38:58','2025-09-24 01:38:58'),(51,113024,248,'2025-09-24',NULL,'2025-09-24 01:39:18','2025-09-24 01:39:18'),(52,113025,279,'2025-09-24',NULL,'2025-09-24 01:39:50','2025-09-24 01:39:50'),(53,113027,263,'2025-09-24',NULL,'2025-09-24 01:40:13','2025-09-24 01:40:13'),(54,113029,275,'2025-09-24',NULL,'2025-09-24 01:40:36','2025-09-24 01:40:36'),(55,114002,299,'2025-09-24',NULL,'2025-09-24 01:48:49','2025-09-24 01:48:49'),(56,111022,251,'2025-09-24',NULL,'2025-09-24 01:49:29','2025-09-24 01:49:29'),(57,114006,246,'2025-09-24',NULL,'2025-09-24 01:50:13','2025-09-24 01:50:13'),(58,114009,286,'2025-09-24',NULL,'2025-09-24 01:50:42','2025-09-24 01:50:42'),(59,114011,234,'2025-09-24',NULL,'2025-09-24 01:51:01','2025-09-24 01:51:01'),(60,114013,287,'2025-09-24',NULL,'2025-09-24 01:51:40','2025-09-24 01:51:40'),(61,114015,297,'2025-09-24',NULL,'2025-09-24 01:52:08','2025-09-24 01:52:08'),(62,114017,300,'2025-09-24',NULL,'2025-09-24 03:28:19','2025-09-24 03:28:19'),(63,114018,301,'2025-09-24',NULL,'2025-09-24 03:28:36','2025-09-24 03:28:36'),(64,110028,305,'2025-10-01',NULL,'2025-10-01 06:06:02','2025-10-01 06:06:02'),(65,114020,298,'2025-10-14',NULL,'2025-10-14 03:45:53','2025-10-14 03:45:53');
/*!40000 ALTER TABLE `computer_assignments` ENABLE KEYS */;
UNLOCK TABLES;

--
-- Table structure for table `computers`
--

DROP TABLE IF EXISTS `computers`;
/*!40101 SET @saved_cs_client     = @@character_set_client */;
/*!50503 SET character_set_client = utf8mb4 */;
CREATE TABLE `computers` (
  `computer_id` int NOT NULL AUTO_INCREMENT,
  `company_id` int NOT NULL,
  `hostname` varchar(100) DEFAULT NULL,
  `serial_number` varchar(100) DEFAULT NULL,
  `asset_number` varchar(100) DEFAULT NULL,
  `mac_address` varchar(100) DEFAULT NULL,
  `type` varchar(50) DEFAULT NULL,
  `brand` varchar(50) DEFAULT NULL,
  `model` varchar(50) DEFAULT NULL,
  `os_version` varchar(50) DEFAULT NULL,
  `purchase_date` date DEFAULT NULL,
  `warranty_end_date` date DEFAULT NULL,
  `status` enum('Available','Assigned','Under Repair','Decommissioned') DEFAULT 'Available',
  `Remarks` varchar(100) DEFAULT NULL,
  `created_at` timestamp NULL DEFAULT CURRENT_TIMESTAMP,
  `updated_at` timestamp NULL DEFAULT CURRENT_TIMESTAMP ON UPDATE CURRENT_TIMESTAMP,
  PRIMARY KEY (`computer_id`),
  KEY `fk_computers_company` (`company_id`),
  CONSTRAINT `fk_computers_company` FOREIGN KEY (`company_id`) REFERENCES `companies` (`company_id`)
) ENGINE=InnoDB AUTO_INCREMENT=317 DEFAULT CHARSET=utf8mb4 COLLATE=utf8mb4_0900_ai_ci;
/*!40101 SET character_set_client = @saved_cs_client */;

--
-- Dumping data for table `computers`
--

LOCK TABLES `computers` WRITE;
/*!40000 ALTER TABLE `computers` DISABLE KEYS */;
INSERT INTO `computers` VALUES (1,1,'DESKTOP-DME8ERE','unknown','20230614002','9C-6B-00-0A-DB-6F','Desktop','unknown','unknown','Windows 11 Pro','2023-05-01','2026-05-01','Available','Assigned to 周聖洋 on 2023-06-01','2025-09-10 06:07:10','2025-10-16 08:22:32'),(6,1,'DESKTOP-IMOCDO9','unknown','1511-0129','48-EA-62-53-EE-D0','Desktop','HP','PRO Tower 400G9','Windows 11 Pro','2025-05-01','2028-05-01','Assigned','Assigned to 吳坤鍵','2025-09-16 06:30:00','2025-10-02 05:51:55'),(7,1,'DESKTOP-J2UBK4J','unknown','1511-0133','48-EA-62-53-EE-D4','Desktop','HP','PRO Tower 400G9','Windows 11 Pro','2025-05-01','2028-05-01','Assigned','Assigned to 李秋嬅','2025-09-16 06:30:00','2025-10-02 05:51:55'),(8,1,'DESKTOP-IABPCST','unknown','1511-0131','48-EA-62-53-EE-A4','Desktop','HP','PRO Tower 400G9','Windows 11 Pro','2025-05-01','2028-05-01','Assigned','Assigned to 林雅盈','2025-09-16 06:30:00','2025-10-02 05:51:55'),(9,1,'DESKTOP-EAI78I8','unknown','1511-0128','48-EA-62-53-EE-D1','Desktop','HP','PRO Tower 400G9','Windows 11 Pro','2025-05-01','2028-05-01','Assigned','Assigned to 林雅淳','2025-09-16 06:30:00','2025-10-02 05:51:55'),(10,1,'DESKTOP-1VSL756','unknown','1511-0132','48-EA-62-53-EE-C9','Desktop','HP','PRO Tower 400G9','Windows 11 Pro','2025-05-01','2028-05-01','Assigned','Assigned to 陳孟寰','2025-09-16 06:41:43','2025-10-02 05:51:55'),(11,1,'DESKTOP-0BLOV8S','unknown','1511-0130','48-EA-62-53-EE-CD','Desktop','HP','PRO Tower 400G9','Windows 11 Pro','2025-05-01','2028-05-01','Assigned','Assigned to 陳淮谷','2025-09-16 06:43:34','2025-10-02 05:51:55'),(12,1,'DESKTOP-PBH7KUS','unknown','1511-0127','24-6A-0E-7D-CA-64','Desktop','HP','ELITE Tower 800 G9','Windows 11 Pro','2025-05-01','2028-05-01','Assigned','Assigned to 陳逸璇','2025-09-16 06:43:46','2025-10-02 05:51:55'),(13,1,'DESKTOP-OH9BAG3','unknown','1511-0134','48-EA-62-53-EE-C6','Desktop','HP','PRO Tower 400G9','Windows 11 Pro','2025-05-01','2028-05-01','Assigned','Assigned to 蕭亦君','2025-09-16 06:44:34','2025-10-02 05:51:55'),(230,1,'DESKTOP-9K25GRS','unknown','1511-0041','98-EE-CB-8E-CC-89','Desktop','Acer','AXC-860','Windows 7','2019-02-01',NULL,'Decommissioned','Decommissioned to 周聖洋','2025-09-16 06:46:32','2025-10-02 05:51:55'),(231,1,'TOOLS-A01','unknown','20150708015',NULL,'Desktop','ASUS','unknown','Windows 7','2017-07-01',NULL,'Decommissioned','Decommissioned to 周聖洋','2025-09-16 06:46:32','2025-10-02 05:51:55'),(232,1,'DESKTOP-0D9G2NQ','unknown','1511-0123','64-4E-D7-6F-0D-1E','Desktop','HP','SFF 400G9','Windows 11 Pro','2023-12-01',NULL,'Assigned','Assigned to BMRC共用','2025-09-16 06:46:32','2025-10-02 05:51:55'),(233,1,'unknown','unknown','2015070807',NULL,'Desktop','unknown','unknown','Windows 7','2015-07-01',NULL,'Assigned','Assigned to 王鴻睿','2025-09-16 06:46:32','2025-10-02 05:51:55'),(234,1,'DESKTOP-PI5242S','unknown','1511-0113','64-4E-D7-6F-13-9F','Desktop','HP','SFF 400G9','Windows 11 Pro','2023-12-01','2028-12-01','Assigned','Assigned to 李侑卿','2025-09-16 06:46:32','2025-10-02 05:51:55'),(235,1,'LAPTOP-A7B5N6VF','unknown','1511-0108','5C-60-BA-AD-6F-3B','NB','HP','240 G9','Windows 10 Home','2023-06-01',NULL,'Assigned','Assigned to 周聖洋','2025-09-16 06:46:32','2025-10-02 05:51:55'),(236,1,'LAPTOP-BMRCLAB001','unknown','1511-0106','B4-8C-9D-D2-F0-07','NB','ASUS','Vivobook X1502ZA','Windows 11 Home','2023-02-01',NULL,'Assigned','Assigned to 俞凱莉','2025-09-16 06:46:32','2025-10-02 05:51:55'),(237,1,'DESKTOP-EFLU7LF','unknown','202309150001','E0-BE-03-80-A7-E3','Desktop','Lenovo','Neo 50t','Windows 11 Pro','2023-09-01',NULL,'Assigned','Assigned to 高士庭','2025-09-16 06:46:32','2025-10-02 05:51:55'),(238,1,'DESKTOP-J5R6FBE','unknown','1511-0115','64-4E-D7-6F-13-6F','Desktop','HP','SFF 400G9','Windows 11 Pro','2023-12-01','2028-12-01','Assigned','Assigned to 張欣庭','2025-09-16 06:46:32','2025-10-02 05:51:55'),(239,1,'unknown','unknown','1511-0010','unknown','Desktop','unknown','unknown','unknown','2017-08-01',NULL,'Assigned','Assigned to 莊景凱','2025-09-16 06:46:32','2025-10-02 05:51:55'),(240,1,'DESKTOP-Q8R6P0Q','unknown','1511-0112','64-4E-D7-6F-13-9A','Desktop','HP','SFF 400G9','Windows 11 Pro','2023-12-01','2028-12-01','Assigned','Assigned to 陳佩雯','2025-09-16 06:46:32','2025-10-02 05:51:55'),(241,1,'DESKTOP-MCIAKMS','unknown','1511-0117','64-4E-D7-6F-0D-4D','Desktop','HP','SFF 400G9','Windows 11 Pro','2023-12-01','2025-12-01','Assigned','Assigned to 陳慈怡','2025-09-16 06:46:32','2025-10-02 05:51:55'),(242,1,'DESKTOP-PC2Y40F','unknown','202305150001','E0-BE-03-76-DA-FA','Desktop','Lenovo','Neo 50t','Windows 11 Pro','2023-06-01',NULL,'Assigned','Assigned to 曾珮茹','2025-09-16 06:46:32','2025-10-02 05:51:55'),(243,1,'unknown','unknown','1511-0033','unknown','Desktop','unknown','unknown','Windows 10 Home','2018-11-01',NULL,'Assigned','Assigned to 費聿玟','2025-09-16 06:46:32','2025-10-02 05:51:55'),(244,1,'DESKTOP-R44KPA1','unknown','1511-0114','64-4E-D7-6F-13-93','Desktop','HP','SFF 400G9','Windows 11 Pro','2023-12-01','2028-12-01','Assigned','Assigned to 黃昱綺','2025-09-16 06:46:32','2025-10-02 05:51:55'),(245,1,'DESKTOP-AGOKE8A','unknown','1511-0124','64-4E-D7-6F-11-E7','Desktop','HP','SFF 400G9','Windows 11 Pro','2023-12-01','2028-12-01','Assigned','Assigned to 楊承諭','2025-09-16 06:46:32','2025-10-02 05:51:55'),(246,1,'DESKTOP-PC2KY40','unknown','202305150002','E0-BE-03-76-DB-5F','Desktop','Lenovo','Neo 50t','Windows 11 Pro','2023-05-01',NULL,'Assigned','Assigned to 楊婕','2025-09-16 06:46:32','2025-10-02 05:51:55'),(247,1,'unknown','unknown','1511-0104',NULL,'Desktop','unknown','unknown','Windows 10 Home',NULL,NULL,'Assigned','Assigned to 蔡若幸','2025-09-16 06:46:32','2025-10-02 05:51:55'),(248,1,'LAPTOP-JEDG0LFK','unknown','1511-0093','10-3D-1C-43-F8-73','NB','HP','14S-DQ2038TU','Windows 10 Home','2021-08-01',NULL,'Assigned','Assigned to 謝仲軒','2025-09-16 06:46:32','2025-10-02 05:51:55'),(249,1,'DESKTOP-PF028QJ','unknown','1511-0121','64-4E-D7-6F-0D-44','Desktop','HP','SFF 400G9','Windows 11 Pro','2023-12-01',NULL,'Assigned','Assigned to 闕均璉','2025-09-16 06:46:32','2025-10-02 05:51:55'),(250,1,'DESKTOP-HMALBNF','unknown','1511-0125','64-4E-D7-6F-0C-FC','Desktop','HP','SFF 400G9','Windows 11 Pro','2023-12-01',NULL,'Assigned','Assigned to 余苹','2025-09-16 06:46:32','2025-10-02 05:51:55'),(251,1,'DESKTOP-2HVDVSS','unknown','unknown','50-EB-F6-B3-F1-8D','Desktop','unknown','unknown','Windows 11 Pro','2023-06-01',NULL,'Assigned','Assigned to 呂致毅','2025-09-16 06:46:32','2025-10-02 05:51:55'),(252,1,'TOOLSYUNCHENG','unknown','1511-0099','48-E7-DA-0C-DD-33','NB','unknown','unknown','Windows 11 Home','2022-04-01',NULL,'Assigned','Assigned to 李昀澂','2025-09-16 06:46:32','2025-10-02 05:51:55'),(253,1,'DESKTOP-R8JA10C','unknown','1511-0063','A8-5E-45-D2-C9-31','Desktop','ASUS','PRO D340MC','Windows 10 Home','2020-04-01',NULL,'Decommissioned','Decommissioned to 周聖洋','2025-09-16 06:46:32','2025-10-09 02:22:38'),(254,1,'BMRC-SA-001','unknown','1511-0109','A0-36-BC-5A-48-7B','Desktop','ASUS','D500TC','Windows 10 Home','2022-05-01',NULL,'Assigned','Assigned to 李德慧','2025-09-16 06:46:32','2025-10-02 05:51:55'),(255,1,'DESKTOP-8GVUS64','unknown','1511-0119','64-4E-D7-6F-14-E4','Desktop','HP','SFF 400G9','Windows 11 Pro','2023-12-01',NULL,'Assigned','Assigned to 卓庭光','2025-09-16 06:46:32','2025-10-02 05:51:55'),(256,1,'DESKTOP-13KVP09','unknown','1511-0120','64-4E-D7-6F-0D-0F','Desktop','HP','SFF 400G9','Windows 11 Pro','2023-12-01',NULL,'Assigned','Assigned to 卓濬哲','2025-09-16 06:46:32','2025-10-02 05:51:55'),(257,1,'LAPTOP-87323OS6','unknown','202408080001','F8-FE-5E-5C-D0-73','Desktop','ASUS','ExpertBook','Windows 11 Pro','2024-08-01',NULL,'Assigned','Assigned to 柯方于','2025-09-16 06:46:32','2025-10-02 05:51:55'),(258,1,'17-0458203-H1','unknown','1511-0047','68-05-CA-B1-44-7F','Desktop','ASUS','D340MC','Windows 10 Home','2019-10-01',NULL,'Assigned','Assigned to 洪晨瑜','2025-09-16 06:46:32','2025-10-02 05:51:55'),(259,1,'DESKTOP-DME8ERE','unknown','1511-0096','58-6C-25-A0-DB-3D','Desktop','unknown','unknown','Windows 10 Home','2021-12-01',NULL,'Assigned','Assigned to 徐翊芸','2025-09-16 06:46:32','2025-10-02 05:51:55'),(260,1,'unknown','unknown','1511-0066','unknown','Desktop','unknown','unknown','Windows 10 Home','2020-06-01',NULL,'Assigned','Assigned to 涂政猷','2025-09-16 06:46:32','2025-10-02 05:51:55'),(261,1,'DESKTOP-ICUQ13V','unknown','1511-0020','68-05-CA-B1-44-70','Desktop','unknown','unknown','Windows 10 Home','2018-05-01',NULL,'Assigned','Assigned to 高驥','2025-09-16 06:46:32','2025-10-02 05:51:55'),(262,1,'unknown','unknown','1511-0085','unknown','Desktop','unknown','unknown','Windows 10 Home','2021-03-01',NULL,'Assigned','Assigned to 張乃云','2025-09-16 06:46:32','2025-10-02 05:51:55'),(263,1,'DESKTOP-LCL0S4J','unknown','20240906001','E0-BE-03-9F-74-17','Desktop','Lenovo','Neo 50t','Windows 11 Pro','2021-03-01',NULL,'Assigned','Assigned to 張弈晴','2025-09-16 06:46:32','2025-10-02 05:51:55'),(264,1,'DESKTOP-99060I8','unknown','1511-0057','A8-5E-45-D1-EB-2C','Desktop','ASUS','D340MC','Windows 10 Home','2020-02-01',NULL,'Assigned','Assigned to 張盈芬','2025-09-16 06:46:32','2025-10-02 05:51:55'),(265,1,'DELL','unknown','1511-0075','00-15-5D-CF-FD-99','Desktop','ASUS','H-S640MB','Windows 10 Home','2018-10-01',NULL,'Assigned','Assigned to 張美虹','2025-09-16 06:46:32','2025-10-02 05:51:55'),(266,1,'LAPTOP-81IJGEQ7','unknown','1511-0081','20-4E-F6-5E-57-69','NB','unknown','unknown','Windows 10 Home','2021-02-01',NULL,'Decommissioned','Decommissioned to 周聖洋','2025-09-16 06:46:32','2025-10-02 05:51:55'),(267,1,'LAPTOP-U6H8PSM6','unknown','202404110001','BC-03-58-AD-86-35','NB','ASUS','expertbook','Windows 11 Pro','2024-04-01',NULL,'Assigned','Assigned to 莊凱博','2025-09-16 06:46:32','2025-10-02 05:51:55'),(268,1,'LAPTOP-6E97G6K9','unknown','1511-0092','10-3D-1C-08-1C-4A','NB','HP','14S-DQ2038TU','Windows 10 Home','2021-08-01',NULL,'Assigned','Assigned to 郭晉宇','2025-09-16 06:46:32','2025-10-02 05:51:55'),(269,1,'DESKTOP-21TPSU2','unknown','1511-0043','04-92-26-E1-0A-99','Desktop','ASUS','unknown','Windows 10 Home','2019-06-01',NULL,'Decommissioned','Assigned to 周聖洋','2025-09-16 06:46:32','2025-10-02 05:51:55'),(270,1,'DESKTOP-90GGEPR','unknown','1511-0065','98-AF-65-3D-27-0A','Desktop','ASUS','ALL IN ONE','Windows 10 Home','2020-05-01',NULL,'Assigned','Assigned to 雷長昕','2025-09-16 06:46:32','2025-10-02 05:51:55'),(271,1,'DESKTOP-59RLTOE','unknown','1511-0037','0C-9D-92-5E-8A-40','Desktop','unknown','unknown','Windows 10 Home','2018-12-01',NULL,'Decommissioned','Assigned to 周聖洋','2025-09-16 06:46:32','2025-10-02 05:51:55'),(272,1,'DESKTOP-S6UDSB9','unknown','1511-0055','00-D8-61-D5-14-21','Desktop','unknown','unknown','Windows 10 Home','2020-03-01',NULL,'Decommissioned','Assigned to 周聖洋','2025-09-16 06:46:32','2025-10-02 05:51:55'),(273,1,'unknown','unknown','1511-0088','9C-6B-00-0A-DB-6F','NB','unknown','unknown','Windows 10 Home',NULL,NULL,'Assigned','Assigned to 曾珮茹','2025-09-16 06:46:32','2025-10-02 05:51:55'),(274,1,'unknown','unknown','20230614002','unknown','NB','unknown','unknown','Windows 10 Home','2019-07-01',NULL,'Assigned','Assigned to 費聿玟','2025-09-16 06:46:32','2025-10-02 05:51:55'),(275,1,'DESKTOP-I40D4KT','unknown','202411250001','28-C5-C8-7E-CD-D6','Desktop','HP',' EliteDesk 800 G9 MT','Windows 11 Pro','2024-12-01',NULL,'Assigned','Assigned to 黃郁芯','2025-09-16 06:46:32','2025-10-02 05:51:55'),(276,1,'unknown','unknown','1511-0031','unknown','Desktop','unknown','unknown','Windows 10 Home','2018-11-01',NULL,'Assigned','Assigned to 楊志偉','2025-09-16 06:46:32','2025-10-02 05:51:55'),(277,1,'unknown','unknown','1511-0008','9C-6B-00-0A-DB-6F','Desktop','unknown','unknown','Windows 10 Home','2017-08-01',NULL,'Assigned','Assigned to 楊承諭','2025-09-16 06:46:32','2025-10-02 05:51:55'),(278,1,'unknown','unknown','1511-0019','unknown','NB','macbook','unknown','macos','2017-05-01',NULL,'Decommissioned','Assigned to 周聖洋','2025-09-16 06:46:32','2025-10-02 05:51:55'),(279,1,'DESKTOP-S0CPVM1','unknown','202411010001','2C-58-B9-19-00-D6','Desktop','HP','EliteDesk 800 G9 MT','Windows 11 Pro','2024-11-01',NULL,'Assigned','Assigned to 廖挺妏','2025-09-16 06:46:32','2025-10-02 05:51:55'),(280,1,'unknown','unknown','1511-0079','9C-6B-00-0A-DB-6F','NB','macbook','unknown','macos','2021-01-01',NULL,'Assigned','Assigned to 劉君豪','2025-09-16 06:46:32','2025-10-02 05:51:55'),(281,1,'LAPTOP-NT0464UU','unknown','1511-0091','10-3D-1C-5A-F1-90','NB','HP','14S-DQ2038TU','Windows 10 Home','2021-08-01',NULL,'Assigned','Assigned to 蔡莉翎','2025-09-16 06:46:32','2025-10-02 05:51:55'),(282,1,'DESKTOP-N3U2CB0','unknown','1511-0071','2C-F0-5D-D5-7C-87','Desktop','unknown','unknown','Windows 10 Home','2021-01-01',NULL,'Assigned','Assigned to 鄭亦婷','2025-09-16 06:46:32','2025-10-02 05:51:55'),(283,1,'unknown','unknown','1581-0035','9C-6B-00-0A-DB-6F','NB','unknown','unknown','unknown',NULL,NULL,'Assigned','Assigned to 鄭伊珊','2025-09-16 06:46:32','2025-10-02 05:51:55'),(284,1,'DESKTOP-AQRHTET','unknown','1511-0089','04-56-E5-AF-08-0D','Desktop','unknown','inspiron 3891','Windows 10 Home','2021-08-01',NULL,'Assigned','Assigned to 蕭楹澄','2025-09-16 06:46:32','2025-10-02 05:51:55'),(285,1,'Tools-Mac','unknown','202404190001','68-CA-C4-A1-AF-6C','NB','macbook','air','macos','2024-04-01',NULL,'Assigned','Assigned to 蕭楹澄','2025-09-16 06:46:32','2025-10-02 05:51:55'),(286,1,'DESKTOP-EKMSTML','unknown','1511-0116','64-4E-D7-6F-13-0F','Desktop','HP','SFF 400G9','Windows 11 Pro','2023-12-01',NULL,'Assigned','Assigned to 賴敏元','2025-09-16 06:46:32','2025-10-02 05:51:55'),(287,1,'DESKTOP-4B4CMK3','unknown','1511-0122','64-4E-D7-6F-0D-17','Desktop','HP','SFF 400G9','Windows 11 Pro','2023-12-01',NULL,'Assigned','Assigned to 余柏蓉','2025-09-16 06:46:32','2025-10-02 05:51:55'),(288,1,'DESKTOP-L3K4BOH','unknown','1511-0082','F0-2F-74-02-A1-B6','Desktop','ASUS','H-S300TA','Windows 10 Home','2021-02-01',NULL,'Assigned','Assigned to 謝郁萱','2025-09-16 06:46:32','2025-10-02 05:51:55'),(289,1,'BIOTOOLS','unknown','1511-0098','C0-25-A5-AF-2B-32','Desktop','DELL',' Inspiron 3910-R2508BTW','Windows 10 Home','2022-02-01',NULL,'Assigned','Assigned to 謝馥媺','2025-09-16 06:46:32','2025-10-02 05:51:55'),(290,1,'DESKTOP-US63ILR','unknown','1511-0110','64-4E-D7-6F-12-F4','Desktop','HP','SFF 400G9','Windows 11 Pro','2023-12-01',NULL,'Assigned','Assigned to 簡明慧','2025-09-16 06:46:32','2025-10-02 05:51:55'),(291,1,'DESKTOP-M0LE3BA','unknown','1511-0068','D4-5D-64-C4-6E-84','Desktop','ASUS','PRO D640MB','Windows 10 Home','2020-08-01',NULL,'Assigned','Assigned to 顏維萱','2025-09-16 06:46:32','2025-10-02 05:51:55'),(292,1,'DESKTOP-LF1VB6J','unknown','1511-0009','unknown','Desktop','unknown','unknown','Windows 10 Home',NULL,NULL,'Assigned','Assigned to 魏佑玲','2025-09-16 06:46:32','2025-10-02 05:51:55'),(293,1,'DESKTOP-OH20361','unknown','1511-0111','64-4E-D7-6F-13-5E','Desktop','HP','SFF 400G9','Windows 11 Pro','2023-12-01',NULL,'Assigned','Assigned to 蘇晏萱','2025-09-16 06:46:32','2025-10-02 05:51:55'),(294,1,'DESKTOP-RSQ9J2Q','unknown','1511-0118','64-4E-D7-6F-0C-E1','Desktop','HP','SFF 400G9','Windows 11 Pro','2023-12-01',NULL,'Assigned','Assigned to 顧庭宇','2025-09-16 06:46:32','2025-10-02 05:51:55'),(295,1,'unknown','unknown','20200306061','unknown','Desktop','unknown','unknown','Windows 10 Home',NULL,NULL,'Assigned','Assigned to 陳佩雯 Turnkey主機','2025-09-16 06:46:32','2025-10-02 05:51:55'),(296,1,'TABLET-BOA3M1SH','unknown','1511-0100','D4-54-8B-53-E7-1F','NB','unknown','unknown','Windows 10 Home','2023-06-01',NULL,'Assigned','Assigned to HR','2025-09-16 06:46:32','2025-10-02 05:51:55'),(297,1,'DESKTOP-M3K5PSO','unknown','202507130001','','NB','Thinkpad','E14','Windows 11 Pro','2025-07-01',NULL,'Assigned','Assigned to 王蔚甄','2025-09-16 06:46:32','2025-10-02 05:51:55'),(298,1,'DESKTOP-7L962FG','unknown','202507170001','48-EA-62-53-EE-97','Desktop','HP','PRO Tower 400G9','Windows 11 Pro','2025-07-01','2028-07-01','Available','Assigned to 周聖洋','2025-09-16 06:46:32','2025-10-08 08:02:29'),(299,1,'DESKTOP-V10VMAL','unknown','unknown','94-B6-09-DF-B5-7E','NB','HP','PROBOOK 440 G10','Windows 11 Pro','2025-08-01',NULL,'Assigned','Assigned to 張詠珮','2025-09-16 06:46:32','2025-10-02 05:51:55'),(300,1,'DESKTOP-ADTMF42','unknown','202508220005','10-B6-76-4C-22-15','Desktop','HP','PRO Tower 400G9','Windows 11 Pro','2025-08-01','2028-08-01','Assigned','Assigned to 陳常善','2025-09-16 06:46:32','2025-10-09 02:07:54'),(301,1,'DESKTOP-K0FNG2J','unknown','202508220004','9C-6B-00-0A-DB-6F','NB','HP','PROBOOK 440 G10','Windows 11 Pro','2025-08-01','2028-01-09','Assigned','Assigned to 楊博任','2025-09-16 06:46:32','2025-10-09 02:08:16'),(305,1,'LAPTOP-3D5IMO99',NULL,'1511-0096','58-6C-25-A0-DB-3D','NB',NULL,NULL,'Windows 10 Home','2021-12-01','2023-12-01','Assigned',NULL,'2025-10-01 06:04:03','2025-10-09 03:32:05'),(306,2,'wanda的MacBook-Pro',NULL,'1511-0008','FE-0D-6C-F5-15-7D','NB',NULL,NULL,'macOS Ventura','2022-05-01','2023-05-01','Assigned',NULL,'2025-10-02 06:17:31','2025-10-09 03:32:13'),(307,2,'DESKTOP-43IOHI7',NULL,'1511-0005','98-EE-CB-D5-3C-1C','Desktop',NULL,NULL,'Windows 10 Home','2017-06-01','2020-06-01','Assigned',NULL,'2025-10-02 06:21:54','2025-10-02 06:21:54'),(308,2,'DESKTOP-1NONPUJ',NULL,'1511-0006','98-EE-CB-D0-AA-98','Desktop',NULL,NULL,'Windows 10 Home','2021-07-01','2024-07-01','Assigned',NULL,'2025-10-02 06:28:16','2025-10-02 06:28:16'),(309,2,'Biotools-label',NULL,'1511-0053','04-D9-F5-BA-AA-AA','Desktop',NULL,NULL,'Windows 10 Home','2020-05-02','2023-05-02','Assigned',NULL,'2025-10-02 06:29:22','2025-10-02 06:29:22'),(310,3,'DESKTOP-UA3V9SL',NULL,'1511-0002','04-D9-F5-BA-FB-2D','Desktop',NULL,NULL,'Windows 10 Home','2020-10-01','2023-10-02','Assigned',NULL,'2025-10-02 06:30:44','2025-10-02 06:30:44'),(311,3,'Abreal',NULL,'1511-0005','A8-5E-45-D3-C1-1C','Desktop',NULL,NULL,'Windows 10 Home','2020-10-02','2023-10-02','Assigned',NULL,'2025-10-02 06:31:59','2025-10-02 06:31:59'),(312,3,'DESKTOP-VHQVH6Q',NULL,'1511-0006','FC-34-97-3C-5A-8F','Desktop',NULL,NULL,'Windows 10 Home','2021-06-01','2023-06-02','Assigned',NULL,'2025-10-02 06:36:59','2025-10-02 06:36:59'),(313,3,'DESKTOP-M8S6TDR',NULL,'20231201001','64-4E-D7-6F-12-46','Desktop',NULL,NULL,'Windows 11 Pro','2023-12-02','2028-12-02','Assigned',NULL,'2025-10-02 06:40:50','2025-10-02 06:40:50'),(314,3,'DESKTOP-A140GFH',NULL,'20231201002','64-4E-D7-6F-0D-2D','Desktop',NULL,NULL,'Windows 11 Pro','2023-12-02','2028-12-02','Assigned',NULL,'2025-10-02 06:41:51','2025-10-02 06:41:51'),(316,1,'DESKTOP-TIHJG9P',NULL,'unknown','10-B6-76-4C-22-D2','Desktop',NULL,NULL,'Windows 11 Pro','2025-10-14','2028-10-14','Assigned',NULL,'2025-10-14 09:24:38','2025-10-14 09:24:38');
/*!40000 ALTER TABLE `computers` ENABLE KEYS */;
UNLOCK TABLES;

--
-- Table structure for table `employees`
--

DROP TABLE IF EXISTS `employees`;
/*!40101 SET @saved_cs_client     = @@character_set_client */;
/*!50503 SET character_set_client = utf8mb4 */;
CREATE TABLE `employees` (
  `employee_id` int NOT NULL,
  `name` varchar(50) NOT NULL,
  `email` varchar(100) NOT NULL,
  `phone_number` varchar(20) DEFAULT NULL,
  `job_title` varchar(50) DEFAULT NULL,
  `department` varchar(50) DEFAULT NULL,
  `manager_id` int DEFAULT NULL,
  `created_at` timestamp NULL DEFAULT CURRENT_TIMESTAMP,
  `updated_at` timestamp NULL DEFAULT CURRENT_TIMESTAMP ON UPDATE CURRENT_TIMESTAMP,
  PRIMARY KEY (`employee_id`),
  UNIQUE KEY `email` (`email`),
  KEY `manager_id` (`manager_id`),
  CONSTRAINT `employees_ibfk_1` FOREIGN KEY (`manager_id`) REFERENCES `employees` (`employee_id`)
) ENGINE=InnoDB DEFAULT CHARSET=utf8mb4 COLLATE=utf8mb4_0900_ai_ci;
/*!40101 SET character_set_client = @saved_cs_client */;

--
-- Dumping data for table `employees`
--

LOCK TABLES `employees` WRITE;
/*!40000 ALTER TABLE `employees` DISABLE KEYS */;
INSERT INTO `employees` VALUES (101001,'楊志偉','Russell@toolsbiotech.com','123','董事長兼總經理','TOOLS',NULL,'2025-09-10 03:24:49','2025-09-10 03:24:49'),(101002,'鄭伊珊','nancy@toolsbiotech.com','299','LS策略長','TOOLS',NULL,'2025-09-10 05:42:50','2025-09-10 05:42:50'),(101003,'周士軒','samuel@toolsbiotech.com','111','代謝體應用科學家','TOOLS',NULL,'2025-09-10 05:42:50','2025-09-10 05:42:50'),(102001,'林雅盈','ann@toolsbiotech.com','301','LS特別助理','TOOLS',NULL,'2025-09-10 05:42:50','2025-09-10 05:42:50'),(103001,'劉君豪','roger@toolsbiotech.com','168','顧問','TOOLS',NULL,'2025-09-10 05:42:50','2025-09-10 05:42:50'),(104001,'林雅淳','jill@toolsbiotech.com','306','LS業務助理','TOOLS',NULL,'2025-09-10 05:42:50','2025-09-10 05:42:50'),(104002,'劉永偉','wayne@toolsbiotech.com','602','策略與商務發展經理','TOOLS',NULL,'2025-09-10 05:42:50','2025-09-10 05:42:50'),(104004,'吳坤鍵','tannin.wu@toolsbiotech.com','807','LS業務經理','TOOLS',NULL,'2025-09-10 05:42:50','2025-09-10 05:42:50'),(104005,'費聿玟','dolphin@toolsbiotech.com','102','經理','TOOLS',NULL,'2025-09-10 05:42:50','2025-09-10 05:42:50'),(104006,'何艾翎','hoailing@toolsbiotech.com','601','BMRC業務經理','TOOLS',NULL,'2025-09-10 05:42:50','2025-09-10 05:42:50'),(105001,'郭永裕','good@toolsbiotech.com','606','BMRC業務經理','TOOLS',NULL,'2025-09-10 05:42:50','2025-09-10 05:42:50'),(105003,'黃冠維','jax@toolsbiotech.com','806','LS科研組-業務經理','TOOLS',NULL,'2025-09-10 05:42:50','2025-09-10 05:42:50'),(106001,'顧庭宇','tingyu@toolsbiotech.com','604','BMRC應用領域科學家','TOOLS',NULL,'2025-09-10 05:42:50','2025-09-10 05:42:50'),(106002,'仲詠藝','vincent@toolsbiotech.com','652','BMRC業務副理(南區)','TOOLS',NULL,'2025-09-10 05:42:50','2025-09-10 05:42:50'),(106004,'沈筱凌','laura@toolsbiotech.com','699','BMRC產品副理','TOOLS',NULL,'2025-09-10 05:42:50','2025-09-10 05:42:50'),(106007,'楊承諭','james@toolsbiotech.com','607','BMRC生物資訊副理','TOOLS',NULL,'2025-09-10 05:42:50','2025-09-10 05:42:50'),(106010,'李偉豪','weihao@toolsbiotech.com','656','BMRC業務副理','TOOLS',NULL,'2025-09-10 05:42:50','2025-09-10 05:42:50'),(107001,'林柏安','akiralin0524@toolsbiotech.com','719','次世代定序副研究員','TOOLS',NULL,'2025-09-10 05:42:50','2025-09-10 05:42:50'),(107002,'高士庭','timkao@toolsbiotech.com','613','BMRC產品專員','TOOLS',NULL,'2025-09-10 05:42:50','2025-09-10 05:42:50'),(107004,'鄭亦婷','mico0904@toolsbiotech.com','220','行銷經理','TOOLS',NULL,'2025-09-10 05:42:50','2025-09-10 05:42:50'),(107006,'張美虹','soniachang@toolsbiotech.com','614','BMRC生物資訊工程師','TOOLS',NULL,'2025-09-10 05:42:50','2025-09-10 05:42:50'),(107009,'李秋嬅','christina@toolsbiotech.com','666','LS策略長','TOOLS',NULL,'2025-09-10 05:42:50','2025-09-10 05:42:50'),(107010,'蔡莉翎','tsaill@toolsbiotech.com','715','次世代定序副研究員','TOOLS',NULL,'2025-09-10 05:42:50','2025-09-10 05:42:50'),(108003,'謝馥媺','phoebe@toolsbiotech.com','605','BMRC生物資訊工程師','TOOLS',NULL,'2025-09-10 05:42:50','2025-09-10 05:42:50'),(108004,'陳孟寰','molly901213@toolsbiotech.com','714','實驗室主任','TOOLS',NULL,'2025-09-10 05:42:50','2025-09-10 05:42:50'),(108007,'李德慧','jessica@toolsbiotech.com','668','BMRC業務助理','TOOLS',NULL,'2025-09-10 05:42:50','2025-09-10 05:42:50'),(108008,'高驥','kaochi@toolsbiotech.com','609','BMRC生物資訊工程師','TOOLS',NULL,'2025-09-10 05:42:50','2025-09-10 05:42:50'),(108013,'陳逸璇','bonnie@toolsbiotech.com','221','資深品牌行銷設計師','TOOLS',NULL,'2025-09-10 05:42:50','2025-09-10 05:42:50'),(108014,'卓濬哲','alvin.cho@toolsbiotech.com','618','應用領域科學家','TOOLS',NULL,'2025-09-10 05:42:50','2025-09-10 05:42:50'),(109018,'顏維萱','weihsuan@toolsbiotech.com','630','BMRC產品專員','TOOLS',NULL,'2025-09-10 05:42:50','2025-09-10 05:42:50'),(109019,'郭子瑜','zyguo@toolsbiotech.com','804','LS業務主任','TOOLS',NULL,'2025-09-10 05:42:50','2025-09-10 05:42:50'),(110008,'謝郁萱','shanna@toolsbiotech.com','223','行銷企劃專員','TOOLS',NULL,'2025-09-10 05:42:50','2025-09-10 05:42:50'),(110010,'張乃云','naiyun625@toolsbiotech.com','107','會計專員','TOOLS',NULL,'2025-09-10 05:42:50','2025-09-10 05:42:50'),(110013,'姚秋好','tracy.yao@toolsbiotech.com','608','BMRC業務專員','TOOLS',NULL,'2025-09-10 05:42:50','2025-09-10 05:42:50'),(110016,'黃頂翔','sean@toolsbiotech.com','616','BMRC生物資訊研究員','TOOLS',NULL,'2025-09-10 05:42:50','2025-09-10 05:42:50'),(110020,'蕭楹澄','sam@toolsbiotech.com','504','LS產品經理','TOOLS',NULL,'2025-09-10 05:42:50','2025-09-10 05:42:50'),(110027,'洪晨瑜','candice@toolsbiotech.com','621','BMRC生物資訊工程師','TOOLS',NULL,'2025-09-10 05:42:50','2025-09-10 05:42:50'),(110028,'徐翊芸','lily@toolsbiotech.com','191','助理研究員','TOOLS',NULL,'2025-09-10 05:42:50','2025-09-10 05:42:50'),(110029,'儲瑞華','rivachu@toolsbiotech.com','','顧問','TOOLS',NULL,'2025-09-10 05:42:50','2025-09-10 05:42:50'),(111008,'涂政猷','kimitu329@toolsbiotech.com','105','會計專員','TOOLS',NULL,'2025-09-10 05:42:50','2025-09-10 05:42:50'),(111009,'郭晉宇','Nick.Kuo@toolsbiotech.com','718','次世代定序助理研究員','TOOLS',NULL,'2025-09-10 05:42:50','2025-09-10 05:42:50'),(111018,'黃星毓','huhuang@toolsbiotech.com','','LS業務專員(南區)','TOOLS',NULL,'2025-09-10 05:42:50','2025-09-10 05:42:50'),(111020,'張維倫','evianchang@toolsbiotech.com','721','次世代定序副研究員','TOOLS',NULL,'2025-09-10 05:42:50','2025-09-10 05:42:50'),(111021,'張勝瑜','hugochang@toolsbiotech.com','198','助理研究員','TOOLS',NULL,'2025-09-10 05:42:50','2025-09-10 05:42:50'),(111022,'呂致毅','rafilu@toolsbiotech.com','222','行銷企劃專員','TOOLS',NULL,'2025-09-10 05:42:50','2025-09-10 05:42:50'),(111028,'張盈芬','fenchang@toolsbiotech.com','','人資專員','TOOLS',NULL,'2025-09-10 05:42:50','2025-09-10 05:42:50'),(112004,'王建智','allenwang@toolsbiotech.com','610','儀器部業務經理','TOOLS',NULL,'2025-09-10 05:42:50','2025-09-10 05:42:50'),(112008,'蔡若幸','sarahtsai@toolsbiotech.com','106','會計專員','TOOLS',NULL,'2025-09-10 05:42:50','2025-09-10 05:42:50'),(112010,'李昀澂','yunchenglee@toolsbiotech.com','196','助理研究員','TOOLS',NULL,'2025-09-10 05:42:50','2025-09-10 05:42:50'),(112016,'周聖洋','derekchou@toolsbiotech.com','270','MIS資訊工程師','TOOLS',NULL,'2025-09-10 05:42:50','2025-09-10 05:42:50'),(112017,'王鴻睿','hong7935@toolsbiotech.com','261','外務人員','TOOLS',NULL,'2025-09-10 05:42:50','2025-09-10 05:42:50'),(112019,'曾珮茹','elvatseng@toolsbiotech.com','103','成本會計','TOOLS',NULL,'2025-09-10 05:42:50','2025-09-10 05:42:50'),(112022,'簡明慧','guavaming@toolsbiotech.com','667','BMRC業務助理','TOOLS',NULL,'2025-09-10 05:42:50','2025-09-10 05:42:50'),(112023,'蘇晏萱','darasu@toolsbiotech.com','669','BMRC業務助理','TOOLS',NULL,'2025-09-10 05:42:50','2025-09-10 05:42:50'),(112025,'陳慈怡','karenchen@toolsbiotech.com','188','總務專員','TOOLS',NULL,'2025-09-10 05:42:50','2025-09-10 05:42:50'),(112026,'蔡威顥','ethantsai@toolsbiotech.com','273','儀器部產品專員','TOOLS',NULL,'2025-09-10 05:42:50','2025-09-10 05:42:50'),(112028,'卓庭光','dinozhuo@toolsbiotech.com','631','BMRC產品專員','TOOLS',NULL,'2025-09-10 05:42:50','2025-09-10 05:42:50'),(113001,'陳治凱','green@toolsbiotech.com','619','BMRC業務專員','TOOLS',NULL,'2025-09-10 05:42:50','2025-09-10 05:42:50'),(113002,'李淑婷','irenelee@toolsbiotech.com','803','LS業務專員','TOOLS',NULL,'2025-09-10 05:42:50','2025-09-10 05:42:50'),(113004,'陳淮谷','hennychen@toolsbiotech.com','713','技術服務助理研究員','TOOLS',NULL,'2025-09-10 05:42:50','2025-09-10 05:42:50'),(113005,'黃昱綺','katiehuang@toolsbiotech.com','302','LS業務助理','TOOLS',NULL,'2025-09-10 05:42:50','2025-09-10 05:42:50'),(113006,'林靜','maggielin@toolsbiotech.com','802','LS業務專員(工業組)','TOOLS',NULL,'2025-09-10 05:42:50','2025-09-10 05:42:50'),(113007,'陳佩雯','alisachen@toolsbiotech.com','101','主辦會計','TOOLS',NULL,'2025-09-10 05:42:50','2025-09-10 05:42:50'),(113008,'莊凱博','cabers21@toolsbiotech.com','712','LS策略長','TOOLS',NULL,'2025-09-10 05:42:50','2025-09-10 05:42:50'),(113009,'黃靖淳','berryhuang@toolsbiotech.com','','BMRC業務專員(南區)','TOOLS',NULL,'2025-09-10 05:42:50','2025-09-10 05:42:50'),(113010,'陳圓圓','carolchen@toolsbiotech.com','651','BMRC業務專員','TOOLS',NULL,'2025-09-10 05:42:50','2025-09-10 05:42:50'),(113011,'闕均璉','juliechueh@toolsbiotech.com','225','美編設計助理','TOOLS',NULL,'2025-09-10 05:42:50','2025-09-10 05:42:50'),(113013,'余苹','joannayu@toolsbiotech.com','632','產品專員','TOOLS',NULL,'2025-09-10 05:42:50','2025-09-10 05:42:50'),(113015,'蔡詠傑','alantsai@toolsbiotech.com','','LS業務專員(南區)','TOOLS',NULL,'2025-09-10 05:42:50','2025-09-10 05:42:50'),(113018,'俞凱莉','kaliyu@toolsbiotech.com','195','次世代定序助理研究員','TOOLS',NULL,'2025-09-10 05:42:50','2025-09-10 05:42:50'),(113019,'張欣庭','hsintingchang@toolsbiotech.com','723','技術服務助理研究員','TOOLS',NULL,'2025-09-10 05:42:50','2025-09-10 05:42:50'),(113021,'柯方于','violetko@toolsbiotech.com','192','次世代定序助理研究員','TOOLS',NULL,'2025-09-10 05:42:50','2025-09-10 05:42:50'),(113024,'謝仲軒','peterhsieh@toolsbiotech.com','197','次世代定序助理研究員','TOOLS',NULL,'2025-09-10 05:42:50','2025-09-10 05:42:50'),(113025,'廖挺妏','wenliao@toolsbiotech.com','611','BMRC生物資訊工程師','TOOLS',NULL,'2025-09-10 05:42:50','2025-09-10 05:42:50'),(113027,'張奕晴','sunnychang@toolsbiotech.com','502','LS產品專員','TOOLS',NULL,'2025-09-10 05:42:50','2025-09-10 05:42:50'),(113029,'黃郁芯','evelynhuang@toolsbiotech.com','501','LS生物資訊工程師','TOOLS',NULL,'2025-09-10 05:42:50','2025-09-10 05:42:50'),(114001,'范雅智','yachih@toolsbiotech.com','654','BMRC業務專員','TOOLS',NULL,'2025-09-10 05:42:50','2025-09-10 05:42:50'),(114002,'張詠佩','peggychang@toolsbiotech.com','717','次世代定序助理研究員','TOOLS',NULL,'2025-09-10 05:42:50','2025-09-10 05:42:50'),(114003,'許翠珊','shellyhsu@toolsbiotech.com','617','BMRC業務專員','TOOLS',NULL,'2025-09-10 05:42:50','2025-09-10 05:42:50'),(114005,'房夢韓','monafan@toolsbiotech.com','612','BMRC業務專員','TOOLS',NULL,'2025-09-10 05:42:50','2025-09-10 05:42:50'),(114006,'楊婕','chiehyang@toolsbiotech.com','699','BMRC產品專員','TOOLS',NULL,'2025-09-10 05:42:50','2025-09-10 05:42:50'),(114007,'吳昱錡','nexwu@toolsbiotech.com','801','LS業務專員','TOOLS',NULL,'2025-09-10 05:42:50','2025-09-10 05:42:50'),(114008,'陳濬塏','abner0909@toolsbiotech.com','808','LS業務專員','TOOLS',NULL,'2025-09-10 05:42:50','2025-09-10 05:42:50'),(114009,'賴敏元','minyuanlai@toolsbiotech.com','503','LS產品專員','TOOLS',NULL,'2025-09-10 05:42:50','2025-09-10 05:42:50'),(114011,'李侑卿','sunnylee@toolsbiotech.com','303','LS業務助理','TOOLS',NULL,'2025-09-10 05:42:50','2025-09-10 05:42:50'),(114013,'余柏蓉','borongyu@toolsbiotech.com','308','LS業務助理','TOOLS',NULL,'2025-09-10 05:42:50','2025-09-10 05:42:50'),(114015,'王蔚甄','weichenwang@toolsbiotech.com','194','研究員','TOOLS',NULL,'2025-09-10 05:42:50','2025-09-10 05:42:50'),(114017,'陳常善','shan@toolsbiotech.com','260','技術經理','TOOLS',NULL,'2025-09-10 05:42:50','2025-09-10 05:42:50'),(114018,'楊博任','boren@toolsbiotech.com','261','助理研究員','TOOLS',NULL,'2025-09-10 05:42:50','2025-09-10 05:42:50'),(114019,'雷長昕','leizhangxin0903@toolsbiotech.com','','行政庶務人員','TOOLS',NULL,'2025-09-10 05:42:50','2025-09-10 05:42:50'),(114020,'侯勝元','victorhou@toolsbiotech.com','279','產品專員','Tools',NULL,'2025-10-14 03:44:45','2025-10-14 03:44:45'),(11104001,'胡津祐','duncan23418@abrealbiotech.com','888','總經理','ABREAL',NULL,'2025-10-02 03:31:00','2025-10-02 03:31:00'),(11110001,'黃馨慧','vivi_huang@abrealbiotech.com','880','業務行政主管','ABREAL',NULL,'2025-10-02 03:31:26','2025-10-02 03:31:26'),(11110003,'楊政芳','specialist@abrealbiotech.com','834','產品部副理','ABREAL',NULL,'2025-10-02 03:31:55','2025-10-02 03:31:55'),(11111030,'魏佑玲','winniewei@abrealbiotech.com','224','品牌行銷設計師','ABREAL',NULL,'2025-10-02 03:32:30','2025-10-02 03:32:30'),(11112001,'許瑞恩','cgu@abrealbiotech.com','','業務專員(長庚區)','ABREAL',NULL,'2025-10-02 03:32:58','2025-10-02 03:32:58'),(11112002,'余宥樺','ass2@abrealbiotech.com','838','業務助理','ABREAL',NULL,'2025-10-02 05:13:58','2025-10-02 05:13:58'),(11112004,'黃冠仁','specialist02@abrealbiotech.com','836','產品專員','ABREAL',NULL,'2025-10-02 05:14:27','2025-10-02 05:14:27'),(11113002,'蘇良誠','sales007@abrealbiotech.com','','業務主任(高雄區)','ABREAL',NULL,'2025-10-02 05:14:51','2025-10-02 05:14:51'),(11113003,'陳韻如','sales005@abrealbiotech.com','','業務專員(北醫國防)','ABREAL',NULL,'2025-10-02 05:15:15','2025-10-02 05:15:15'),(11113005,'張立邦','ntucm@abrealbiotech.com','','業務專員(台大醫區)','ABREAL',NULL,'2025-10-02 05:15:40','2025-10-02 05:15:40'),(11113007,'江芳瑩','sales008@abrealbiotech.com','882','業務副理','ABREAL',NULL,'2025-10-02 05:16:10','2025-10-02 05:16:10'),(11113008,'鄭宇晴','sales003@abrealbiotech.com','','業務專員(新竹區)','ABREAL',NULL,'2025-10-02 05:16:42','2025-10-02 05:16:42'),(11113009,'董鍾玄','sales009@abrealbiotech.com','','資深業務專員(中研院區)','ABREAL',NULL,'2025-10-02 05:17:11','2025-10-02 05:17:11'),(11114001,'周琨淇','sales002@abrealbiotech.com','','業務專員','ABREAL',NULL,'2025-10-02 05:17:38','2025-10-02 05:17:38'),(11114002,'陳癸云','sales006@abrealbiotech.com','','業務專員(台南區)','ABREAL',NULL,'2025-10-02 05:18:01','2025-10-02 05:18:01'),(11114003,'吳祥維','sales010@abrealbiotech.com','','業務專員-生技公司B','ABREAL',NULL,'2025-10-02 05:18:26','2025-10-02 05:18:26'),(12111001,'徐婉瑜','wanda@abclonalbio.com','277','產品專員','BIO',NULL,'2025-10-02 01:52:19','2025-10-02 01:52:19'),(12111005,'錢忻蘭','vivi@abclonalbio.com','307','業務助理','BIO',NULL,'2025-10-02 01:54:41','2025-10-02 01:54:41'),(12112004,'賴怡蓁','sharonlai@abclonalbio.com','305','業務助理','BIO',NULL,'2025-10-02 01:55:46','2025-10-02 01:55:46'),(12114001,'林佩萱','sunnylin@abclonalbio.com','','業務專員(新竹)','BIO',NULL,'2025-10-02 01:56:19','2025-10-02 01:56:19'),(12114002,'蔡孟穎','derektsai@abclonalbio.com','','業務專員(台南)','BIO',NULL,'2025-10-02 01:56:41','2025-10-02 01:56:41');
/*!40000 ALTER TABLE `employees` ENABLE KEYS */;
UNLOCK TABLES;

--
-- Table structure for table `software`
--

DROP TABLE IF EXISTS `software`;
/*!40101 SET @saved_cs_client     = @@character_set_client */;
/*!50503 SET character_set_client = utf8mb4 */;
CREATE TABLE `software` (
  `software_id` int NOT NULL AUTO_INCREMENT,
  `software_name` varchar(100) NOT NULL,
  `license_key` varchar(255) DEFAULT NULL,
  `registered_account` varchar(45) NOT NULL,
  `version` varchar(50) DEFAULT NULL,
  `purchase_date` date DEFAULT NULL,
  `expiration_date` date DEFAULT NULL,
  `status` enum('Assigned','Unused') DEFAULT NULL,
  `license_type` enum('Perpetual','Subscription','Volume') DEFAULT NULL,
  `created_at` timestamp NULL DEFAULT CURRENT_TIMESTAMP,
  `updated_at` timestamp NULL DEFAULT CURRENT_TIMESTAMP ON UPDATE CURRENT_TIMESTAMP,
  PRIMARY KEY (`software_id`)
) ENGINE=InnoDB AUTO_INCREMENT=63 DEFAULT CHARSET=utf8mb4 COLLATE=utf8mb4_0900_ai_ci;
/*!40101 SET character_set_client = @saved_cs_client */;

--
-- Dumping data for table `software`
--

LOCK TABLES `software` WRITE;
/*!40000 ALTER TABLE `software` DISABLE KEYS */;
INSERT INTO `software` VALUES (2,'microsoft office 2021 Pro Plus',NULL,'derekchou@toolsbiotech.com','2021 Pro Plus',NULL,NULL,'Assigned','Perpetual','2025-09-10 06:24:25','2025-09-10 06:24:25'),(3,'Microsoft Office 2021 home & bussiness',NULL,'toolsbiotechmsoffice@gmail.com',NULL,NULL,NULL,NULL,'Perpetual','2025-09-30 06:15:44','2025-09-30 06:15:44'),(4,'Microsoft Office 2021 home & bussiness',NULL,'toolsbiotechmsoffice@gmail.com',NULL,NULL,NULL,NULL,'Perpetual','2025-09-30 06:15:44','2025-09-30 06:15:44'),(5,'Microsoft Office 2021 home & bussiness',NULL,'toolsbiotechmsoffice@gmail.com',NULL,NULL,NULL,NULL,'Perpetual','2025-09-30 06:15:44','2025-09-30 06:15:44'),(6,'Microsoft Office 2021 home & bussiness',NULL,'toolsbiotechmsoffice@gmail.com',NULL,NULL,NULL,NULL,'Perpetual','2025-09-30 06:15:44','2025-09-30 06:15:44'),(7,'Microsoft Office 2021 home & bussiness',NULL,'toolsbiotechmsoffice@gmail.com',NULL,NULL,NULL,NULL,'Perpetual','2025-09-30 06:15:44','2025-09-30 06:15:44'),(8,'Microsoft Office 2021 home & bussiness',NULL,'toolsbiotechmsoffice@gmail.com',NULL,NULL,NULL,NULL,'Perpetual','2025-09-30 06:15:44','2025-09-30 06:15:44'),(9,'Microsoft Office 2021 home & bussiness',NULL,'toolsbiotechmsoffice@gmail.com',NULL,NULL,NULL,NULL,'Perpetual','2025-09-30 06:15:44','2025-09-30 06:15:44'),(10,'Microsoft Office 2021 home & bussiness',NULL,'toolsbiotechmsoffice@gmail.com',NULL,NULL,NULL,NULL,'Perpetual','2025-09-30 06:15:44','2025-09-30 06:15:44'),(11,'Microsoft Office 2021 home & bussiness',NULL,'toolsbiotechmsoffice@gmail.com',NULL,NULL,NULL,NULL,'Perpetual','2025-09-30 06:15:44','2025-09-30 06:15:44'),(12,'Microsoft Office 2021 home & bussiness',NULL,'toolsbiotechmsoffice@gmail.com',NULL,NULL,NULL,NULL,'Perpetual','2025-09-30 06:15:44','2025-09-30 06:15:44'),(13,'Microsoft Office 2021 home & bussiness',NULL,'toolsbiotechmsoffice@gmail.com',NULL,NULL,NULL,NULL,'Perpetual','2025-09-30 06:15:44','2025-09-30 06:15:44'),(14,'Microsoft Office 2021 home & bussiness',NULL,'toolsbiotechmsoffice@gmail.com',NULL,NULL,NULL,NULL,'Perpetual','2025-09-30 06:15:44','2025-09-30 06:15:44'),(15,'Microsoft Office 2021 home & bussiness',NULL,'toolsbiotechmsoffice@gmail.com',NULL,NULL,NULL,NULL,'Perpetual','2025-09-30 06:15:44','2025-09-30 06:15:44'),(16,'Microsoft Office 2021 home & bussiness',NULL,'toolsbiotechmsoffice@gmail.com',NULL,NULL,NULL,NULL,'Perpetual','2025-09-30 06:15:44','2025-09-30 06:15:44'),(17,'Microsoft Office 2021 home & bussiness',NULL,'toolsbiotechmsoffice@gmail.com',NULL,NULL,NULL,NULL,'Perpetual','2025-09-30 06:15:44','2025-09-30 06:15:44'),(18,'Microsoft Office 2021 home & bussiness',NULL,'toolsbiotechmsoffice@gmail.com',NULL,NULL,NULL,NULL,'Perpetual','2025-09-30 06:15:44','2025-09-30 06:15:44'),(19,'Microsoft Office 2021 home & bussiness',NULL,'toolsbiotechmsoffice@gmail.com',NULL,NULL,NULL,NULL,'Perpetual','2025-09-30 06:15:44','2025-09-30 06:15:44'),(20,'Microsoft Office 2021 home & bussiness',NULL,'toolsbiotechmsoffice@gmail.com',NULL,NULL,NULL,NULL,'Perpetual','2025-09-30 06:15:44','2025-09-30 06:15:44'),(21,'Microsoft Office 2021 home & bussiness',NULL,'toolsbiotechmsoffice@gmail.com',NULL,NULL,NULL,NULL,'Perpetual','2025-09-30 06:15:44','2025-09-30 06:15:44'),(22,'Microsoft Office 2021 home & bussiness',NULL,'toolsbiotechmsoffice@gmail.com',NULL,NULL,NULL,NULL,'Perpetual','2025-09-30 06:15:44','2025-09-30 06:15:44'),(23,'Microsoft Office 2021 home & bussiness',NULL,'toolsbiotechmsoffice@gmail.com',NULL,NULL,NULL,NULL,'Perpetual','2025-09-30 06:15:44','2025-09-30 06:15:44'),(24,'Microsoft Office 2021 home & bussiness',NULL,'toolsbiotechmsoffice@gmail.com',NULL,NULL,NULL,NULL,'Perpetual','2025-09-30 06:15:44','2025-09-30 06:15:44'),(25,'Microsoft Office 2021 home & bussiness',NULL,'toolsbiotechmsoffice@gmail.com',NULL,NULL,NULL,NULL,'Perpetual','2025-09-30 06:15:44','2025-09-30 06:15:44'),(26,'Microsoft Office 2021 home & bussiness',NULL,'toolsbiotechmsoffice@gmail.com',NULL,NULL,NULL,NULL,'Perpetual','2025-09-30 06:15:44','2025-09-30 06:15:44'),(27,'Microsoft Office 2021 home & bussiness',NULL,'toolsbiotechmsoffice@gmail.com',NULL,NULL,NULL,NULL,'Perpetual','2025-09-30 06:15:44','2025-09-30 06:15:44'),(28,'Microsoft Office 2021 home & bussiness',NULL,'toolsbiotechmsoffice@gmail.com',NULL,NULL,NULL,NULL,'Perpetual','2025-09-30 06:15:44','2025-09-30 06:15:44'),(29,'Microsoft Office 2021 home & bussiness',NULL,'toolsbiotechmsoffice@gmail.com',NULL,NULL,NULL,NULL,'Perpetual','2025-09-30 06:15:44','2025-09-30 06:15:44'),(30,'Microsoft Office 2021 home & bussiness',NULL,'toolsbiotechmsoffice@gmail.com',NULL,NULL,NULL,NULL,'Perpetual','2025-09-30 06:15:44','2025-09-30 06:15:44'),(31,'Microsoft Office 2021 home & bussiness',NULL,'toolsbiotechmsoffice@gmail.com',NULL,NULL,NULL,NULL,'Perpetual','2025-09-30 06:15:44','2025-09-30 06:15:44'),(32,'Microsoft Office 2021 home & bussiness',NULL,'toolsbiotechmsoffice@gmail.com',NULL,NULL,NULL,NULL,'Perpetual','2025-09-30 06:15:44','2025-09-30 06:15:44'),(43,'Microsoft Office 2021 home & bussiness',NULL,'toolsbiotechmsoffice1@gmail.com',NULL,NULL,NULL,NULL,'Perpetual','2025-09-30 06:32:35','2025-09-30 06:32:35'),(44,'Microsoft Office 2021 home & bussiness',NULL,'toolsbiotechmsoffice1@gmail.com',NULL,NULL,NULL,NULL,'Perpetual','2025-09-30 06:32:35','2025-09-30 06:32:35'),(45,'Microsoft Office 2021 home & bussiness',NULL,'toolsbiotechmsoffice1@gmail.com',NULL,NULL,NULL,NULL,'Perpetual','2025-09-30 06:32:35','2025-09-30 06:32:35'),(46,'Microsoft Office 2021 home & bussiness',NULL,'toolsbiotechmsoffice1@gmail.com',NULL,NULL,NULL,NULL,'Perpetual','2025-09-30 06:32:35','2025-09-30 06:32:35'),(47,'Microsoft Office 2021 home & bussiness',NULL,'toolsbiotechmsoffice1@gmail.com',NULL,NULL,NULL,NULL,'Perpetual','2025-09-30 06:32:35','2025-09-30 06:32:35'),(48,'Microsoft Office 2021 home & bussiness',NULL,'toolsbiotechmsoffice1@gmail.com',NULL,NULL,NULL,NULL,'Perpetual','2025-09-30 06:32:35','2025-09-30 06:32:35'),(49,'Microsoft Office 2021 home & bussiness',NULL,'toolsbiotechmsoffice1@gmail.com',NULL,NULL,NULL,NULL,'Perpetual','2025-09-30 06:32:35','2025-09-30 06:32:35'),(50,'Microsoft Office 2021 home & bussiness',NULL,'toolsbiotechmsoffice1@gmail.com',NULL,NULL,NULL,NULL,'Perpetual','2025-09-30 06:32:35','2025-09-30 06:32:35'),(51,'Microsoft Office 2021 home & bussiness',NULL,'toolsbiotechmsoffice1@gmail.com',NULL,NULL,NULL,NULL,'Perpetual','2025-09-30 06:32:35','2025-09-30 06:32:35'),(52,'Microsoft Office 2024 home & bussiness',NULL,'toolsbiotechmsoffice1@gmail.com',NULL,NULL,NULL,NULL,'Perpetual','2025-09-30 06:32:51','2025-09-30 06:32:51'),(53,'Microsoft Office 2024 home & bussiness',NULL,'toolsbiotechmsoffice1@gmail.com',NULL,NULL,NULL,NULL,'Perpetual','2025-09-30 06:32:51','2025-09-30 06:32:51'),(54,'Microsoft Office 2024 home & bussiness',NULL,'toolsbiotechmsoffice1@gmail.com',NULL,NULL,NULL,NULL,'Perpetual','2025-09-30 06:32:51','2025-09-30 06:32:51'),(55,'Microsoft Office 2024 home & bussiness',NULL,'toolsbiotechmsoffice1@gmail.com',NULL,NULL,NULL,NULL,'Perpetual','2025-09-30 06:32:51','2025-09-30 06:32:51'),(56,'Microsoft Office 2024 home & bussiness',NULL,'toolsbiotechmsoffice1@gmail.com',NULL,NULL,NULL,NULL,'Perpetual','2025-09-30 06:32:51','2025-09-30 06:32:51'),(57,'Microsoft Office 2024 home & bussiness',NULL,'toolsbiotechmsoffice1@gmail.com',NULL,NULL,NULL,NULL,'Perpetual','2025-09-30 06:32:51','2025-09-30 06:32:51'),(58,'Microsoft Office 2024 home & bussiness',NULL,'toolsbiotechmsoffice1@gmail.com',NULL,NULL,NULL,NULL,'Perpetual','2025-09-30 06:32:51','2025-09-30 06:32:51'),(59,'Microsoft Office 2024 home & bussiness',NULL,'toolsbiotechmsoffice1@gmail.com',NULL,NULL,NULL,NULL,'Perpetual','2025-09-30 06:32:51','2025-09-30 06:32:51'),(60,'Microsoft Office 2024 home & bussiness',NULL,'toolsbiotechmsoffice1@gmail.com',NULL,NULL,NULL,NULL,'Perpetual','2025-09-30 06:32:51','2025-09-30 06:32:51');
/*!40000 ALTER TABLE `software` ENABLE KEYS */;
UNLOCK TABLES;

--
-- Table structure for table `software_assignments`
--

DROP TABLE IF EXISTS `software_assignments`;
/*!40101 SET @saved_cs_client     = @@character_set_client */;
/*!50503 SET character_set_client = utf8mb4 */;
CREATE TABLE `software_assignments` (
  `assignment_id` int NOT NULL AUTO_INCREMENT,
  `software_id` int DEFAULT NULL,
  `computer_id` int DEFAULT NULL,
  `assigned_date` date NOT NULL,
  `unassigned_date` date DEFAULT NULL,
  `created_at` timestamp NULL DEFAULT CURRENT_TIMESTAMP,
  `updated_at` timestamp NULL DEFAULT CURRENT_TIMESTAMP ON UPDATE CURRENT_TIMESTAMP,
  PRIMARY KEY (`assignment_id`),
  KEY `software_id` (`software_id`),
  KEY `computer_id` (`computer_id`),
  CONSTRAINT `software_assignments_ibfk_1` FOREIGN KEY (`software_id`) REFERENCES `software` (`software_id`),
  CONSTRAINT `software_assignments_ibfk_2` FOREIGN KEY (`computer_id`) REFERENCES `computers` (`computer_id`)
) ENGINE=InnoDB AUTO_INCREMENT=43 DEFAULT CHARSET=utf8mb4 COLLATE=utf8mb4_0900_ai_ci;
/*!40101 SET character_set_client = @saved_cs_client */;

--
-- Dumping data for table `software_assignments`
--

LOCK TABLES `software_assignments` WRITE;
/*!40000 ALTER TABLE `software_assignments` DISABLE KEYS */;
INSERT INTO `software_assignments` VALUES (1,2,1,'2023-06-15',NULL,'2025-09-10 06:28:59','2025-09-10 06:28:59'),(2,3,6,'2025-09-30',NULL,'2025-09-30 07:59:11','2025-09-30 07:59:11'),(3,4,8,'2025-10-01',NULL,'2025-10-01 05:42:34','2025-10-01 05:42:34'),(4,5,9,'2025-10-01',NULL,'2025-10-01 05:42:55','2025-10-01 05:42:55'),(5,6,288,'2025-10-01',NULL,'2025-10-01 05:43:31','2025-10-01 05:43:31'),(6,7,11,'2025-10-01',NULL,'2025-10-01 05:43:46','2025-10-01 05:43:46'),(7,8,10,'2025-10-01',NULL,'2025-10-01 05:44:01','2025-10-01 05:44:01'),(8,9,7,'2025-10-01',NULL,'2025-10-01 05:44:17','2025-10-01 05:44:17'),(9,10,290,'2025-10-01',NULL,'2025-10-01 05:46:04','2025-10-01 05:46:04'),(10,11,236,'2025-10-01',NULL,'2025-10-01 05:46:18','2025-10-01 05:46:18'),(11,12,285,'2025-10-01',NULL,'2025-10-01 05:46:32','2025-10-01 05:46:32'),(12,13,267,'2025-10-01',NULL,'2025-10-01 05:47:12','2025-10-01 05:47:12'),(13,14,250,'2025-10-01',NULL,'2025-10-01 05:47:31','2025-10-01 05:47:31'),(14,15,245,'2025-10-01',NULL,'2025-10-01 05:47:49','2025-10-01 05:47:49'),(15,16,241,'2025-10-01',NULL,'2025-10-01 05:48:13','2025-10-01 05:48:13'),(16,17,232,'2025-10-01',NULL,'2025-10-01 05:48:37','2025-10-01 05:48:37'),(17,18,286,'2025-10-01',NULL,'2025-10-01 05:50:12','2025-10-01 05:50:12'),(18,19,238,'2025-10-01',NULL,'2025-10-01 05:50:26','2025-10-01 05:50:26'),(19,20,244,'2025-10-01',NULL,'2025-10-01 05:50:39','2025-10-01 05:50:39'),(20,21,287,'2025-10-01',NULL,'2025-10-01 05:50:51','2025-10-01 05:50:51'),(21,22,293,'2025-10-01',NULL,'2025-10-01 05:53:02','2025-10-01 05:53:02'),(22,23,249,'2025-10-01',NULL,'2025-10-01 05:53:17','2025-10-01 05:53:17'),(23,24,256,'2025-10-01',NULL,'2025-10-01 05:53:37','2025-10-01 05:53:37'),(24,25,240,'2025-10-01',NULL,'2025-10-01 05:53:56','2025-10-01 05:53:56'),(25,26,255,'2025-10-01',NULL,'2025-10-01 05:54:12','2025-10-01 05:54:12'),(26,27,294,'2025-10-01',NULL,'2025-10-01 05:54:27','2025-10-01 05:54:27'),(27,28,234,'2025-10-01',NULL,'2025-10-01 05:54:44','2025-10-01 05:54:44'),(28,43,279,'2025-10-01',NULL,'2025-10-01 05:57:46','2025-10-01 05:57:46'),(29,44,263,'2025-10-01',NULL,'2025-10-01 05:58:01','2025-10-01 05:58:01'),(30,44,257,'2025-10-01',NULL,'2025-10-01 05:58:20','2025-10-01 05:58:20'),(31,45,296,'2025-10-01',NULL,'2025-10-01 05:59:07','2025-10-01 05:59:07'),(32,46,305,'2025-10-01',NULL,'2025-10-01 06:06:27','2025-10-01 06:06:27'),(33,49,252,'2025-10-01',NULL,'2025-10-01 06:07:48','2025-10-01 06:07:48'),(34,50,299,'2025-10-01',NULL,'2025-10-01 06:08:03','2025-10-01 06:08:03'),(35,51,13,'2025-10-01',NULL,'2025-10-01 06:08:20','2025-10-01 06:08:20'),(36,52,12,'2025-10-01',NULL,'2025-10-01 06:14:12','2025-10-01 06:14:12'),(37,53,282,'2025-10-01',NULL,'2025-10-01 06:14:24','2025-10-01 06:14:24'),(38,54,275,'2025-10-01',NULL,'2025-10-01 06:15:06','2025-10-01 06:15:06'),(39,55,297,'2025-10-01',NULL,'2025-10-01 06:15:44','2025-10-01 06:15:44'),(40,56,251,'2025-10-01',NULL,'2025-10-01 06:16:27','2025-10-01 06:16:27'),(41,57,300,'2025-10-01',NULL,'2025-10-01 06:16:40','2025-10-01 06:16:40'),(42,58,301,'2025-10-01',NULL,'2025-10-01 06:16:50','2025-10-01 06:16:50');
/*!40000 ALTER TABLE `software_assignments` ENABLE KEYS */;
UNLOCK TABLES;
/*!40103 SET TIME_ZONE=@OLD_TIME_ZONE */;

/*!40101 SET SQL_MODE=@OLD_SQL_MODE */;
/*!40014 SET FOREIGN_KEY_CHECKS=@OLD_FOREIGN_KEY_CHECKS */;
/*!40014 SET UNIQUE_CHECKS=@OLD_UNIQUE_CHECKS */;
/*!40101 SET CHARACTER_SET_CLIENT=@OLD_CHARACTER_SET_CLIENT */;
/*!40101 SET CHARACTER_SET_RESULTS=@OLD_CHARACTER_SET_RESULTS */;
/*!40101 SET COLLATION_CONNECTION=@OLD_COLLATION_CONNECTION */;
/*!40111 SET SQL_NOTES=@OLD_SQL_NOTES */;

-- Dump completed on 2025-11-11 14:47:35
